{"cameraMode":{"drawMode":0,"name":"Shaded","section":"Shading Mode"},"sceneLighting":false,"audioPlay":false,"sceneViewState":{"m_AlwaysRefresh":false,"showFog":true,"showSkybox":true,"showFlares":true,"showImageEffects":true,"showParticleSystems":true,"showVisualEffectGraphs":true,"m_FxEnabled":false},"in2DMode":false,"pivot":{"x":51.105125427246097,"y":-43.981956481933597,"z":9.450288772583008},"rotation":{"x":0.016189537942409517,"y":-0.048869118094444278,"z":0.0007892588037066162,"w":0.9987162351608276},"size":230.4829559326172,"orthographic":false}