{"cameraMode":{"drawMode":0,"name":"Shaded","section":"Shading Mode"},"sceneLighting":false,"audioPlay":false,"sceneViewState":{"m_AlwaysRefresh":false,"showFog":true,"showSkybox":true,"showFlares":true,"showImageEffects":true,"showParticleSystems":true,"showVisualEffectGraphs":true,"m_FxEnabled":false},"in2DMode":false,"pivot":{"x":15.279999732971192,"y":0.616705596446991,"z":15.229999542236329},"rotation":{"x":-0.21249906718730927,"y":-0.10558892041444779,"z":0.023124635219573976,"w":-0.971196174621582},"size":0.9795753955841065,"orthographic":false}