{"cameraMode":{"drawMode":0,"name":"Shaded","section":"Shading Mode"},"sceneLighting":false,"audioPlay":false,"sceneViewState":{"m_AlwaysRefresh":false,"showFog":true,"showSkybox":true,"showFlares":true,"showImageEffects":true,"showParticleSystems":true,"showVisualEffectGraphs":true,"m_FxEnabled":false},"in2DMode":false,"pivot":{"x":6.554676532745361,"y":0.5807828307151794,"z":4.802271842956543},"rotation":{"x":-0.09929035604000092,"y":0.8730152249336243,"z":-0.19981089234352113,"w":-0.43372178077697756},"size":1.2938774824142457,"orthographic":false}