{"cameraMode":{"drawMode":0,"name":"Shaded","section":"Shading Mode"},"sceneLighting":false,"audioPlay":false,"sceneViewState":{"m_AlwaysRefresh":false,"showFog":true,"showSkybox":true,"showFlares":true,"showImageEffects":true,"showParticleSystems":true,"showVisualEffectGraphs":true,"m_FxEnabled":false},"in2DMode":false,"pivot":{"x":8.963876724243164,"y":0.7595982551574707,"z":20.899791717529298},"rotation":{"x":-0.21249906718730927,"y":-0.10558892041444779,"z":0.023124635219573976,"w":-0.971196174621582},"size":1.8416367769241334,"orthographic":false}