{"cameraMode":{"drawMode":0,"name":"Shaded","section":"Shading Mode"},"sceneLighting":false,"audioPlay":false,"sceneViewState":{"m_AlwaysRefresh":false,"showFog":true,"showSkybox":true,"showFlares":true,"showImageEffects":true,"showParticleSystems":true,"showVisualEffectGraphs":true,"m_FxEnabled":false},"in2DMode":false,"pivot":{"x":8.601533889770508,"y":0.16389405727386475,"z":21.32853889465332},"rotation":{"x":-0.03871650621294975,"y":0.9609854817390442,"z":-0.20664027333259583,"w":-0.1799285113811493},"size":1.8416367769241334,"orthographic":false}