{"cameraMode":{"drawMode":0,"name":"Shaded","section":"Shading Mode"},"sceneLighting":false,"audioPlay":false,"sceneViewState":{"m_AlwaysRefresh":false,"showFog":true,"showSkybox":true,"showFlares":true,"showImageEffects":true,"showParticleSystems":true,"showVisualEffectGraphs":true,"m_FxEnabled":false},"in2DMode":false,"pivot":{"x":-0.082496277987957,"y":-68.66246032714844,"z":-2.719055414199829},"rotation":{"x":0.0019659926183521749,"y":-0.7571478486061096,"z":0.002277796156704426,"w":0.6533001661300659},"size":100.84672546386719,"orthographic":false}