{"cameraMode":{"drawMode":0,"name":"Shaded","section":"Shading Mode"},"sceneLighting":false,"audioPlay":false,"sceneViewState":{"m_AlwaysRefresh":false,"showFog":true,"showSkybox":true,"showFlares":true,"showImageEffects":true,"showParticleSystems":true,"showVisualEffectGraphs":true,"m_FxEnabled":false},"in2DMode":false,"pivot":{"x":20.464550018310548,"y":1.139070987701416,"z":59.99516677856445},"rotation":{"x":-0.029057037085294725,"y":-0.9682536721229553,"z":0.13508112728595735,"w":-0.20850296318531037},"size":80.79051208496094,"orthographic":false}