{"cameraMode":{"drawMode":0,"name":"Shaded","section":"Shading Mode"},"sceneLighting":false,"audioPlay":false,"sceneViewState":{"m_AlwaysRefresh":false,"showFog":true,"showSkybox":true,"showFlares":true,"showImageEffects":true,"showParticleSystems":true,"showVisualEffectGraphs":true,"m_FxEnabled":false},"in2DMode":false,"pivot":{"x":1094.4908447265625,"y":243.415771484375,"z":1.6609708070755005},"rotation":{"x":0.1441022902727127,"y":0.010993968695402146,"z":-0.0015924792969599367,"w":0.9895374178886414},"size":1365.4554443359375,"orthographic":false}