{"cameraMode":{"drawMode":0,"name":"Shaded","section":"Shading Mode"},"sceneLighting":false,"audioPlay":false,"sceneViewState":{"m_AlwaysRefresh":false,"showFog":true,"showSkybox":true,"showFlares":true,"showImageEffects":true,"showParticleSystems":true,"showVisualEffectGraphs":true,"m_FxEnabled":false},"in2DMode":false,"pivot":{"x":1462.8443603515625,"y":446.34033203125,"z":13.447935104370118},"rotation":{"x":0.06656236946582794,"y":0.005096611101180315,"z":-0.0003337694506626576,"w":0.9978212118148804},"size":669.5642700195313,"orthographic":false}